insert into tbl_taxa_tree_authors (author_id, author_name) values (1, 'L.');
insert into tbl_taxa_tree_authors (author_id, author_name) values (2, 'Dej.');
insert into tbl_taxa_tree_orders (order_id, order_name) values(1, 'ORDER PENDING CLASSIFICATION');
insert into tbl_taxa_tree_families (family_id, family_name, order_id) values (1, 'CARABIDAE', 1);
insert into tbl_taxa_tree_genera (genus_id, genus_name, family_id) values (2, 'Cicindela', 1);
insert into tbl_taxa_tree_master (taxon_id, species, genus_id, author_id) values (2, 'sylvatica', 2, 1);
insert into tbl_taxa_tree_master (taxon_id, species, genus_id, author_id) values (3, 'hybrida', 2, 1);
insert into tbl_taxa_tree_master (taxon_id, species, genus_id, author_id) values (4, 'maritima', 2, 2);
insert into tbl_taxonomic_order_systems (taxonomic_order_system_id, system_name) values (1, 'BugsCEP taxonomic order');
insert into tbl_taxonomic_order (taxonomic_order_id, taxon_id, taxonomic_code, taxonomic_order_system_id) values (2, 2, 1.0010020, 1);
insert into tbl_taxonomic_order (taxonomic_order_id, taxon_id, taxonomic_code, taxonomic_order_system_id) values (3, 3, 1.0010050, 1);
insert into tbl_taxonomic_order (taxonomic_order_id, taxon_id, taxonomic_code, taxonomic_order_system_id) values (4, 4, 1.0010060, 1);

insert into tbl_biblio (biblio_id, bugs_author, bugs_reference, bugs_title) values (858,'Appleton, D. (2004)','Appleton 2004','Scarcer Coleoptera in Hampshire and Isle of Wight 1964-2001. The Coleopterist, 13, 41-80.');
insert into tbl_biblio (biblio_id, bugs_author, bugs_reference, bugs_title) values (901,'Atty, D. B. (1983)','Atty 1983','Coleoptera of Gloucestershire. Cheltenham.');
insert into tbl_biblio (biblio_id, bugs_author, bugs_reference, bugs_title) values (1478,'Koch, K. (1989)','Koch 1989','Die Käfer Mitteleuropas. Ökologie, 1. Goecke & Evers, Krefeld.');
insert into tbl_biblio (biblio_id, bugs_author, bugs_reference, bugs_title) values (1820,'Cooter, J. (1990)','Cooter 1990c','Some uncommon beetles captured at Merthyr Mawr Warren, Glamorganshire. Entomologist''s Monthly Magazine, 126, 32.');
insert into tbl_biblio (biblio_id, bugs_author, bugs_reference, bugs_title) values (2187,'Duff, A. (1993)','Duff 1993a','Beetles of Somerset: their status and distribution. Somerset Archaeological & Natural History Society, Taunton.');
insert into tbl_biblio (biblio_id, bugs_author, bugs_reference, bugs_title) values (2268,'Else, G. R. (1993)','Else 1993','The distribution and habitat requirements of the tiger beetle Cicindela germanica Linnaeus in southern Britain. British Journal of Entomology and Natural History, 6, 17-21.');
insert into tbl_biblio (biblio_id, bugs_author, bugs_reference, bugs_title) values (2841,'Harde, K.W. (1984)','Harde 1984','A Field Guide in Colour to Beetles. Octopus, London.');
insert into tbl_biblio (biblio_id, bugs_author, bugs_reference, bugs_title) values (2977,'Hodge, P.J. & Jones, R.A. (1995)','Hodge & Jones 1995','New British Beetles. Species not in Joy''s practical handbook. British Entomological and Natural History Society, Reading.');
insert into tbl_biblio (biblio_id, bugs_author, bugs_reference, bugs_title) values (3125,'Hurka, K. (1996)','Hurka 1996','Carabidae of the Czech and Slovak Republics. Kabourek, Zlin. (565pp.)');
insert into tbl_biblio (biblio_id, bugs_author, bugs_reference, bugs_title) values (3136,'Hyman, P.S. (1992)','Hyman 1992','A review of the scarce and threatened Coleoptera of Great Britain, Part 1 (Revised & updated by M.S.Parsons). UK Joint Nature Conservation Committee, Peterborough.');
insert into tbl_biblio (biblio_id, bugs_author, bugs_reference, bugs_title) values (3498,'Key, R.S. (1996)','Key 1996a','The Dune Tiger Beetle Cicindela maritima Latreille & Dejean (Carabidae) on the north Norfolk coast. Coleopterist, 5, 21.');
insert into tbl_biblio (biblio_id, bugs_author, bugs_reference, bugs_title) values (3665,'Lazenby, A. S. (2011)','Lazenby 2011','Ground beetles of the Sorby area. Sorby Record Special Series, 15, 1-56.');
insert into tbl_biblio (biblio_id, bugs_author, bugs_reference, bugs_title) values (3779,'Lindroth, C.H. (1974)','Lindroth 1974','Coleoptera: Carabidae. Handbooks for the Identification of British Insects IV,2. Royal Entomological Society of London.');
insert into tbl_biblio (biblio_id, bugs_author, bugs_reference, bugs_title) values (3780,'Lindroth, C.H. (1985)','Lindroth 1985','The Carabidae (Coleoptera) of Fennoscandia and Denmark. Fauna Entomologica Scandinavica, 15,1. E.J.Brill, Leiden.');
insert into tbl_biblio (biblio_id, bugs_author, bugs_reference, bugs_title) values (3836,'Lott, D. A. (2003)','Lott 2003','An annotated list of wetland ground beetles (Carabidae) and rove beetles (Staphylinidae) found in the British Isles including a literature review of their ecology. English Nature Report No. 488. Peterborough.');
insert into tbl_biblio (biblio_id, bugs_author, bugs_reference, bugs_title) values (3874,'Luff, M. L. (1998)','Luff 1998','Provisional atlas of the ground beetles (Coleoptera, Carabidae) of Britain. Centre for Ecology & Hydrology, Biological Records Centre, Abbots Ripton.');
insert into tbl_biblio (biblio_id, bugs_author, bugs_reference, bugs_title) values (3968,'Marsh, R. (2009)','Marsh 2009','A provisional atlas of the Coleoptera of Yorkshire (Vice Counties 61-65). Part 1 - Suborder Adephaga: Family Carabidae.');
insert into tbl_biblio (biblio_id, bugs_author, bugs_reference, bugs_title) values (4250,'Buckland P.I., Buckland P.C, Yuan Zhuo Don & Sadler J. (2002)','Note','Bugs Coleopteran Ecology Package [CD-ROM].');
insert into tbl_biblio (biblio_id, bugs_author, bugs_reference, bugs_title) values (4667,'Richards, O. W. (1926)','Richards 1926','Studies on the ecology of English heaths. III. Animal communities of the felling and burn successions at Oxshott Heath, Surrey. Journal of Ecology, 14, 244-281.');
insert into tbl_biblio (biblio_id, bugs_author, bugs_reference, bugs_title) values (5054,'Strand, A. (1946)','Strand 1946','Nord Norges Coleoptera. Tromsø Museums Arshefter, Naturhistorisk Avd. Nr. 34, 67(1). (629pp.)');
insert into tbl_biblio (biblio_id, bugs_author, bugs_reference, bugs_title) values (5395,'Whitehead, P. F. (1997)','Whitehead 1997a','Notes on the coastal Coleoptera of Merthyr Mawr, Glamorgan (SS 87). Entomologist''s monthly Magazine, 133, 172.');

insert into tbl_text_biology(biology_id,biblio_id,biology_text,taxon_id) values (1,4667,'hunting on bare, sandy ground on heath.',2);
insert into tbl_text_biology(biology_id,biblio_id,biology_text,taxon_id) values (2,3779,'on dry, sandy soil in sun-exposed positions on heath or in thin coniferous forest with Calluna.',2);
insert into tbl_text_biology(biology_id,biblio_id,biology_text,taxon_id) values (3,2841,'on sandy ground, especially  heathland, but generally local and rare.',2);
insert into tbl_text_biology(biology_id,biblio_id,biology_text,taxon_id) values (4,1478,'on sandy Calluna heath; thin Pinus woodland, coastal dunes.',2);
insert into tbl_text_biology(biology_id,biblio_id,biology_text,taxon_id) values (5,3136,'heathland and heathy areas in open coniferous woodland. Predatory, occurs on dry, sandy soils in sunny situations. Larvae in burrows in soil, adults amongst heather, here they run about rapidly, March-July.',2);
insert into tbl_text_biology(biology_id,biblio_id,biology_text,taxon_id) values (6,3874,'on dry, sandy heaths. A spring breeder, actively flying.',2);
insert into tbl_text_biology(biology_id,biblio_id,biology_text,taxon_id) values (7,3780,'on dry, sandy and sun-exposed ground, mainly in open pine forest with sparse vegetation of Calluna, Empetrum and Cladonia, also on heaths and sandy grass areas, often on recently burnt areas. Strongly heliophilous. Often preys on Formica spp. Flies well. June-July.',2);
insert into tbl_text_biology(biology_id,biblio_id,biology_text,taxon_id) values (8,901,'on heaths.',2);
insert into tbl_text_biology(biology_id,biblio_id,biology_text,taxon_id) values (9,5054,'on tracks (on sandy ground, most often in conifer woods, but also on Calluna heath).',2);